Value,Player,Team,Pos,G,A,Pts,PPP,SOG,Hit,BS,+/-
$38,Alex Ovechkin,WAS,LW,50,37,87,30,344,218,33,5
$34,Connor McDavid,EDM,C,42,78,120,36,268,34,35,17
$32,Nikita Kucherov,TB,RW,41,73,114,44,251,39,24,22
$30,Nathan MacKinnon,COL,C,40,59,99,39,331,50,26,16
$29,Brent Burns,SJ,D,17,61,78,30,323,85,123,11
$23,Steven Stamkos,TB,C,37,56,93,41,227,65,40,15
$22,Sidney Crosby,PIT,C,34,61,95,34,241,81,39,11
$22,John Tavares,TOR,C,44,46,90,27,274,52,50,16
$22,Tyler Seguin,DAL,C,35,46,81,27,331,71,45,15
$22,Blake Wheeler,WPG,RW,22,69,91,36,239,88,59,7
$22,Victor Hedman,TB,D,16,48,64,30,208,121,118,29
$21,David Pastrnak,BOS,RW,43,50,93,35,269,59,29,8
$21,Taylor Hall,ARI,LW,36,52,88,31,269,69,50,9
$20,Jamie Benn,DAL,C,32,44,76,20,220,141,69,18
$19,Brad Marchand,BOS,LW,38,58,96,33,239,44,22,19
$18,John Carlson,WAS,D,14,55,69,32,208,51,153,13
$17,Erik Karlsson,SJ,D,16,55,71,27,231,62,129,13
$17,Mikko Rantanen,COL,RW,32,60,92,37,199,61,40,11
$16,Auston Matthews,TOR,C,44,41,85,25,264,24,63,11
$16,Gabriel Landeskog,COL,LW,31,40,71,24,224,133,54,18
$16,Vincent Trocheck,CAR,C,30,42,72,23,283,149,52,-4
$16,Alexander Radulov,DAL,RW,30,46,76,26,228,71,79,15
$16,Aleksander Barkov,FLA,C,33,60,93,27,223,33,65,6
$15,Patrick Kane,CHI,RW,37,55,92,26,322,22,14,6
$15,Leon Draisaitl,EDM,C,42,53,95,27,234,51,27,5
$15,Mika Zibanejad,NYR,C,29,49,78,24,229,119,74,-4
$14,Kris Letang,PIT,D,15,47,62,21,231,120,118,9
$14,Patrice Bergeron,BOS,C,31,49,80,24,226,56,55,22
$14,Timo Meier,SJ,LW,34,41,75,15,285,101,44,11
$14,Jack Eichel,BUF,C,29,56,85,28,291,69,44,-8
$14,Brayden Point,TB,C,35,52,87,31,197,30,41,23
$14,Mitch Marner,TOR,C,25,66,91,25,228,37,37,19
$14,Vladimir Tarasenko,STL,RW,35,36,71,23,291,90,39,11
$13,Seth Jones,CLS,D,15,43,58,22,237,104,131,8
$13,Roman Josi,NSH,D,15,42,57,17,271,67,134,16
$13,Mark Giordano,CGY,D,15,37,52,16,219,77,149,28
$11,Johnny Gaudreau,CGY,LW,33,62,95,27,239,13,14,14
$11,Artemi Panarin,NYR,LW,32,60,92,23,233,14,19,21
$11,Jacob Trouba,NYR,D,10,46,56,21,191,109,146,10
$11,Jake Guentzel,PIT,LW,38,35,73,12,224,123,48,11
$10,Shea Weber,MON,D,18,26,44,13,188,151,159,13
$10,Filip Forsberg,NSH,RW,34,32,66,23,241,111,39,15
$10,Claude Giroux,PHI,C,26,65,91,29,213,29,21,16
$10,Jonathan Marchessault,VGK,LW,28,43,71,17,274,102,24,16
$10,Matt Dumba,MIN,D,18,44,62,18,189,121,108,11
$10,Evgeni Malkin,PIT,C,34,53,87,34,216,49,31,-2
$9,Mark Stone,VGK,RW,32,44,76,19,197,68,64,15
$8,Esa Lindell,DAL,D,10,36,46,10,139,152,169,18
$8,Sebastian Aho,CAR,LW,32,51,83,17,239,66,27,8
$8,Joe Pavelski,DAL,C,32,39,71,21,224,80,63,3
$8,Jonathan Huberdeau,FLA,LW,28,59,87,29,211,46,44,-5
$7,Elias Lindholm,CGY,RW,25,47,72,21,181,91,40,23
$7,Pierre-Luc Dubois,CLS,LW,29,41,70,15,194,122,50,11
$7,Morgan Rielly,TOR,D,13,49,62,21,189,55,112,20
$7,Sean Couturier,PHI,C,32,44,76,15,226,51,54,13
$7,Tomas Hertl,SJ,LW,33,45,78,17,189,69,71,2
$7,Thomas Chabot,OTT,D,17,48,65,22,208,82,122,-9
$6,Darnell Nurse,EDM,D,9,35,44,11,208,168,151,-3
$6,Mark Scheifele,WPG,C,34,47,81,19,183,55,44,13
$6,Ryan O'Reilly,STL,C,26,45,71,23,232,37,44,20
$6,Dylan Larkin,DET,C,31,45,76,15,284,77,40,-9
$6,Andrei Svechnikov,CAR,RW,31,29,60,14,256,134,35,8
$5,Ryan Pulock,NYI,D,11,29,40,11,202,134,139,18
$5,Elias Pettersson,VAN,C,33,42,75,26,194,44,55,6
$5,Brendan Gallagher,MON,RW,32,22,54,15,291,113,39,9
$5,Jeff Petry,MON,D,12,32,44,14,175,177,129,3
$5,Brayden Schenn,STL,LW,26,41,67,18,203,133,36,6
$4,Matthew Tkachuk,CGY,LW,32,45,77,22,199,83,19,8
$4,Drew Doughty,LA,D,10,41,51,24,199,144,127,-14
$4,Patrik Laine,WPG,RW,39,25,64,26,254,71,45,-3
$4,Phil Kessel,ARI,RW,31,53,84,40,243,13,15,-10
$4,Anders Lee,NYI,C,36,22,58,19,207,101,43,18
$4,Colton Parayko,STL,D,8,28,36,9,203,128,162,13
$4,Viktor Arvidsson,NSH,LW,41,33,74,9,251,24,41,15
$4,Dougie Hamilton,CAR,D,19,26,45,11,274,139,87,2
$4,Ivan Provorov,PHI,D,15,27,42,8,189,131,159,4
$3,Tyson Barrie,TOR,D,15,46,61,28,222,44,87,6
$3,Sean Monahan,CGY,C,35,46,81,21,219,37,20,6
$3,Logan Couture,SJ,C,32,37,69,21,206,56,61,4
$3,Torey Krug,BOS,D,12,54,66,28,204,67,71,3
$2,Rasmus Ristolainen,BUF,D,6,40,46,21,191,229,118,-31
$2,Alex Pietrangelo,STL,D,14,36,50,14,194,55,155,7
$2,Tom Wilson,WAS,RW,25,23,48,7,159,222,55,12
$2,Evander Kane,SJ,LW,29,25,54,9,272,168,32,-5
$2,John Klingberg,DAL,D,14,47,61,26,172,43,100,11
$2,Jake Muzzin,TOR,D,8,30,38,9,145,171,130,18
$2,Nazem Kadri,COL,C,31,29,60,20,216,111,29,8
$1,P.K. Subban,NJ,D,13,43,56,23,177,82,89,11
$1,Justin Faulk,STL,D,13,25,38,11,219,141,116,7
$1,Kevin Labanc,SJ,RW,22,49,71,29,177,79,31,3
$1,Josh Morrissey,WPG,D,10,36,46,17,154,102,135,11
$1,Evgeny Kuznetsov,WAS,C,25,52,77,26,195,47,24,4
$1,Bo Horvat,VAN,C,29,38,67,19,216,66,55,-2
$1,Rickard Rakell,ANH,C,33,34,67,16,224,101,36,-6
$0,Brady Tkachuk,OTT,LW,25,29,54,14,242,182,30,-9
$0,Alex DeBrincat,CHI,RW,39,33,72,22,228,33,24,4
$0,Teuvo Teravainen,CAR,C,22,53,75,22,176,33,24,22
$0,Ryan McDonagh,TB,D,7,36,43,5,117,88,162,31
$0,William Karlsson,VGK,C,33,34,67,16,185,49,52,14
$0,Nicklas Backstrom,WAS,C,23,51,74,27,173,46,36,7
$-0,Max Domi,MON,C,26,43,69,11,199,55,40,18
$-0,Rasmus Dahlin,BUF,D,13,42,55,24,228,109,71,-9
$-0,Mathew Barzal,NYI,C,24,53,77,24,189,24,46,2
$-1,T.J. Oshie,WAS,RW,25,30,55,17,154,125,59,11
$-1,Ryan Nugent-Hopkins,EDM,LW,27,39,66,23,200,61,44,1
$-1,Alexander Edler,VAN,D,9,27,36,9,155,144,181,-8
$-2,Kyle Connor,WPG,LW,37,34,71,21,238,15,25,2
$-2,William Nylander,TOR,C,24,47,71,21,224,28,24,8
$-2,Mike Hoffman,FLA,LW,33,35,68,30,255,40,30,-18
$-3,Alex Tuch,VGK,RW,22,36,58,11,201,96,43,12
$-3,Ryan Ellis,NSH,D,9,33,42,7,162,64,141,23
$-3,Patric Hornqvist,PIT,RW,24,21,45,14,211,144,55,3
$-3,Matt Duchene,NSH,C,30,38,68,16,181,44,47,7
$-3,Chris Kreider,NYR,LW,27,25,52,12,197,140,41,4
$-3,Anthony Mantha,DET,RW,30,31,61,15,239,88,34,-6
$-3,Anze Kopitar,LA,C,26,45,71,24,168,62,65,-16
$-3,Dustin Byfuglien,WPG,D,8,32,40,17,186,131,88,10
$-4,Ryan Suter,MIN,D,8,43,51,18,158,78,122,0
$-4,Dustin Brown,LA,RW,25,32,57,14,203,167,30,-13
$-4,Kaapo Kakko,NYR,RW,31,28,59,16,204,57,48,7
$-4,Brock Boeser,VAN,RW,31,38,69,21,219,30,24,2
$-4,Erik Gustafsson,CGY,D,12,39,51,15,145,105,119,-4
$-4,Jakub Voracek,PHI,LW,20,54,74,27,217,23,30,-8
$-4,Nico Hischier,NJ,C,22,38,60,18,203,55,44,9
$-4,Nikolaj Ehlers,WPG,LW,30,36,66,13,227,41,26,7
$-5,Jeff Skinner,BUF,LW,36,25,61,13,269,34,25,2
$-5,Jonathan Toews,CHI,C,27,39,66,17,214,40,34,3
$-5,Cam Atkinson,CLS,RW,34,26,60,10,264,33,30,7
$-5,Wayne Simmonds,BUF,RW,26,22,48,16,198,144,47,-5
$-5,Jake DeBrusk,BOS,LW,32,29,61,16,195,61,30,8
$-5,Mikael Granlund,NSH,C,20,44,64,20,191,47,44,4
$-5,Sam Reinhart,BUF,C,26,40,66,20,199,44,51,-7
$-5,Oliver Ekman-Larsson,ARI,D,14,32,46,18,184,161,68,-11
$-5,Zach Werenski,CLS,D,14,35,49,17,197,62,92,4
$-5,Charlie McAvoy,BOS,D,10,30,40,9,111,148,106,17
$-5,Frank Vatrano,FLA,LW,25,17,42,10,221,136,71,-5
$-5,Keith Yandle,FLA,D,8,52,60,29,178,40,81,-6
$-5,Jared Spurgeon,MIN,D,12,28,40,11,143,79,156,4
$-6,Boone Jenner,CLS,LW,15,21,36,2,188,191,77,5
$-6,Kyle Palmieri,NJ,RW,26,24,50,22,211,97,44,-4
$-6,Shea Theodore,VGK,D,15,33,48,14,259,34,85,2
$-6,Derek Stepan,ARI,C,16,41,57,18,211,51,53,4
$-6,Mikael Backlund,CGY,C,20,31,51,11,212,55,37,25
$-6,Mattias Ekholm,NSH,D,9,33,42,10,139,71,109,26
$-6,Josh Anderson,CLS,RW,22,14,36,4,194,192,33,15
$-7,Evgenii Dadonov,FLA,RW,28,40,68,15,193,29,38,2
$-7,Aaron Ekblad,FLA,D,15,23,38,10,186,101,103,8
$-7,Mikhail Sergachev,TB,D,8,34,42,13,137,108,99,14
$-7,Eric Staal,MIN,C,27,33,60,16,217,42,36,2
$-7,Gustav Nyquist,CLS,RW,23,37,60,12,212,55,30,8
$-7,Ryan Getzlaf,ANH,C,15,42,57,14,139,138,69,-13
$-8,Brent Seabrook,CHI,D,6,26,32,6,146,112,169,-1
$-8,Jack Hughes,NJ,C,20,42,62,18,173,24,42,13
$-8,Ryan Johansen,NSH,C,15,48,63,16,139,91,27,9
$-8,Lawson Crouse,ARI,LW,12,18,30,0,137,291,41,6
$-8,Vince Dunn,STL,D,15,29,44,13,194,56,75,16
$-8,Zach Parise,MIN,LW,25,30,55,12,201,43,70,-1
$-9,Travis Konecny,PHI,C,26,26,52,10,192,84,46,4
$-9,Jason Zucker,PIT,LW,25,25,50,15,200,81,41,3
$-9,Shayne Gostisbehere,PHI,D,11,33,44,20,204,50,109,-9
$-9,Nino Niederreiter,CAR,RW,24,32,56,15,181,89,20,5
$-9,Brayden McNabb,VGK,D,4,11,15,0,82,211,156,18
$-9,Tyler Bertuzzi,DET,LW,23,30,53,9,161,87,49,9
$-10,Andreas Athanasiou,EDM,C,33,26,59,16,236,34,27,-7
$-10,Jaccob Slavin,CAR,D,9,25,34,9,163,67,146,5
$-10,Jake Gardiner,CAR,D,7,39,46,13,142,57,91,18
$-10,Mats Zuccarello,MIN,RW,17,42,59,19,156,68,55,-5
$-10,J.T. Miller,VAN,C,22,34,56,14,133,122,25,4
$-10,Nick Schmaltz,ARI,RW,25,41,66,22,164,27,32,-3
$-10,Andreas Johnsson,TOR,LW,24,29,53,11,169,64,41,12
$-10,Dylan Strome,CHI,C,24,42,66,20,176,21,39,-5
$-10,Reilly Smith,VGK,RW,20,36,56,14,171,42,28,19
$-10,Alec Martinez,VGK,D,8,20,28,8,115,109,185,-6
$-11,Ben Chiarot,MON,D,6,18,24,0,124,168,132,12
$-11,Matt Niskanen,PHI,D,8,23,31,6,142,144,109,7
$-11,Cody Ceci,TOR,D,5,16,21,2,138,133,156,11
$-11,Brett Pesce,CAR,D,8,27,35,0,126,58,139,26
$-11,Craig Smith,NSH,RW,23,21,44,10,219,71,31,14
$-11,Max Pacioretty,VGK,LW,25,22,47,12,207,125,24,-6
$-11,Yanni Gourde,TB,LW,23,31,54,11,133,79,36,15
$-11,Tomas Tatar,MON,LW,22,25,47,9,184,79,29,18
$-11,James van Riemsdyk,PHI,LW,31,25,56,20,211,44,19,-4
$-11,Erik Johnson,COL,D,8,19,27,1,153,122,131,10
$-12,Roope Hintz,DAL,LW,16,28,44,16,178,119,49,-5
$-12,Adam Larsson,EDM,D,4,15,19,0,109,255,141,-14
$-12,Micheal Ferland,VAN,LW,20,22,42,12,149,177,30,-4
$-12,Jordan Eberle,NYI,RW,24,32,56,14,185,40,36,3
$-12,Clayton Keller,ARI,C,21,40,61,22,222,14,23,-8
$-13,David Savard,CLS,D,6,16,22,0,129,131,129,20
$-13,Kevin Hayes,PHI,C,22,35,57,12,171,51,31,5
$-13,Alex Goligoski,ARI,D,8,26,34,10,119,100,153,-10
$-13,Brady Skjei,CAR,D,7,23,30,1,138,154,109,4
$-13,Samuel Girard,COL,D,6,32,38,16,139,71,95,10
$-13,Brock Nelson,NYI,C,23,24,47,8,167,52,53,14
$-13,David Krejci,BOS,C,21,39,60,16,147,33,31,8
$-13,Oscar Klefbom,EDM,D,9,27,36,13,171,51,133,-6
$-13,Josh Bailey,NYI,LW,17,46,63,18,142,22,34,6
$-13,Adam Henrique,ANH,C,22,25,47,14,141,77,69,-2
$-14,Nikita Zadorov,COL,D,6,10,16,0,96,249,84,16
$-14,Jesperi Kotkaniemi,MON,C,15,31,46,10,181,74,46,6
$-14,Miro Heiskanen,DAL,D,15,30,45,14,205,37,77,-6
$-14,Tyler Johnson,TB,C,23,26,49,10,167,49,42,11
$-14,Jonathan Drouin,MON,C,19,34,53,19,188,55,25,-3
$-14,Radko Gudas,WAS,D,4,14,18,0,121,208,116,4
$-14,Blake Coleman,TB,C,15,15,30,1,162,223,51,-8
$-14,Alex Galchenyuk,MIN,RW,21,28,49,22,179,52,41,-6
$-14,Jaden Schwartz,STL,LW,20,32,52,9,177,64,33,4
$-14,Paul Byron,MON,C,21,19,40,3,122,141,48,11
$-14,Erik Haula,FLA,C,22,24,46,12,156,67,39,11
$-14,Cale Makar,COL,D,8,31,39,13,119,73,86,14
$-15,Mikko Koivu,MIN,C,15,35,50,15,168,35,51,6
$-15,Ryan Dzingel,CAR,C,25,28,53,11,150,61,30,6
$-15,Dmitry Orlov,WAS,D,6,24,30,3,114,131,106,11
$-15,Adam Fox,NYR,D,7,28,35,10,119,97,104,6
$-15,Colin Miller,BUF,D,7,29,36,16,142,133,68,-5
$-15,Alexander Steen,STL,LW,14,32,46,15,159,54,57,4
$-15,Nick Leddy,NYI,D,8,28,36,12,133,83,98,4
$-15,Ondrej Kase,BOS,RW,25,26,51,8,185,42,27,9
$-16,Carl Soderberg,ARI,C,18,25,43,8,164,88,65,-4
$-16,Erik Cernak,TB,D,5,11,16,1,107,198,79,25
$-16,Adam Pelech,NYI,D,4,17,21,0,108,131,127,18
$-16,Pavel Buchnevich,NYR,LW,24,26,50,16,158,69,31,-4
$-16,Brandon Saad,CHI,LW,24,27,51,6,220,45,30,-4
$-16,Jordan Staal,CAR,C,16,24,40,8,157,151,30,-4
$-16,Nick Foligno,CLS,LW,10,18,28,7,152,171,55,2
$-16,Neal Pionk,WPG,D,6,23,29,13,140,141,104,-14
$-17,Josh Manson,ANH,D,6,21,27,0,108,192,88,2
$-17,Hampus Lindholm,ANH,D,9,21,30,9,131,90,122,-2
$-17,Deryk Engelland,VGK,D,4,14,18,0,106,153,151,1
$-17,Richard Panik,WAS,RW,15,20,35,6,147,140,47,4
$-17,Kevin Shattenkirk,TB,D,7,31,38,9,139,69,91,5
$-17,Quinn Hughes,VAN,D,10,33,43,17,106,71,81,0
$-17,Artturi Lehkonen,MON,LW,12,24,36,2,183,117,42,8
$-17,Nikita Gusev,NJ,LW,12,41,53,21,134,27,36,7
$-17,Alex Killorn,TB,C,16,24,40,7,154,86,24,21
$-17,Charlie Coyle,BOS,RW,15,25,40,5,161,81,62,5
$-17,Justin Schultz,PIT,D,7,26,33,8,142,55,110,8
$-17,Duncan Keith,CHI,D,4,32,36,6,156,33,138,-3
$-17,Jeff Carter,LA,C,22,24,46,16,175,84,33,-12
$-17,David Perron,STL,RW,19,29,48,13,149,87,19,2
$-18,Jakob Silfverberg,ANH,RW,22,24,46,9,199,50,59,-13
$-18,Mike Matheson,FLA,D,9,21,30,8,147,67,134,-7
$-18,Travis Hamonic,CGY,D,4,13,17,0,125,69,158,17
$-18,Adam Lowry,WPG,LW,13,15,28,3,114,193,48,4
$-19,Patrick Marleau,PIT,LW,18,20,38,11,182,79,34,3
$-19,Leo Komarov,NYI,LW,7,18,25,0,102,216,46,11
$-19,Christian Dvorak,ARI,LW,15,25,40,8,132,95,54,3
$-19,Vladislav Namestnikov,COL,C,16,23,39,6,148,109,54,-3
$-19,Scott Mayfield,NYI,D,4,14,18,0,100,114,139,14
$-19,Tyler Myers,VAN,D,7,22,29,9,134,74,95,10
$-19,Noah Hanifin,CGY,D,7,25,32,7,132,85,76,13
$-19,Andy Greene,NYI,D,4,16,20,1,101,74,193,-4
$-19,Brandon Tanev,PIT,LW,10,11,21,0,96,217,62,7
$-20,Tanner Pearson,VAN,LW,17,22,39,6,172,124,40,-12
$-20,Paul Stastny,VGK,C,17,33,50,10,134,40,30,10
$-20,Damon Severson,NJ,D,10,26,36,10,133,91,86,-8
$-20,Andrew Shaw,CHI,C,17,22,39,5,127,122,40,2
$-20,Nikita Zaitsev,OTT,D,4,15,19,2,75,143,148,-1
$-20,Nick Ritchie,BOS,LW,11,20,31,4,129,181,30,2
$-20,Jean-Gabriel Pageau,NYI,C,13,18,31,2,161,139,75,-13
$-20,Colton Sissons,NSH,RW,13,17,30,4,116,123,55,14
$-20,Roman Polak,DAL,D,2,9,11,0,74,184,136,6
$-20,Anthony Cirelli,TB,C,17,19,36,1,112,84,43,25
$-20,Phillip Danault,MON,C,12,31,43,1,124,80,52,10
$-20,Justin Braun,PHI,D,3,18,21,0,107,132,139,-4
$-20,Brian Dumoulin,PIT,D,3,16,19,1,96,121,124,12
$-20,Mathieu Perreault,WPG,C,16,23,39,11,129,122,30,-3
$-21,Zach Hyman,TOR,RW,16,22,38,0,145,91,37,13
$-21,Brenden Dillon,WAS,D,3,17,20,0,80,195,89,6
$-21,Tyler Toffoli,VAN,RW,21,23,44,9,220,59,20,-11
$-21,Milan Lucic,CGY,LW,12,19,31,4,117,231,19,-10
$-21,Cam Fowler,ANH,D,9,24,33,12,138,32,109,-2
$-21,Brett Kulak,MON,D,7,15,22,0,128,124,81,14
$-21,Matt Roy,LA,D,6,16,22,0,103,117,141,-5
$-21,Connor Murphy,CHI,D,3,13,16,0,103,142,106,14
$-21,Olli Maatta,CHI,D,4,18,22,3,112,112,131,-4
$-21,Michal Kempny,WAS,D,5,14,19,0,109,86,119,19
$-21,Calvin de Haan,CHI,D,2,14,16,0,103,143,124,5
$-21,Radek Faksa,DAL,C,16,18,34,1,124,112,60,3
$-22,Sami Vatanen,CAR,D,4,23,27,10,140,89,111,-11
$-22,Tyler Bozak,STL,C,15,31,46,12,152,44,31,1
$-22,Alex Iafallo,LA,C,16,21,37,9,159,94,58,-14
$-22,Austin Watson,NSH,LW,10,10,20,0,93,182,67,10
$-22,Steve Santini,NSH,D,4,10,14,0,104,180,101,4
$-22,Lars Eller,WAS,C,15,22,37,4,159,71,53,2
$-22,Chris Wagner,BOS,RW,10,8,18,0,111,244,43,-2
$-22,Colin White,OTT,C,18,35,53,12,158,30,41,-15
$-22,Dylan Gambrell,SJ,C,13,13,26,4,153,101,59,8
$-22,Jordan Oesterle,ARI,D,7,21,28,8,86,55,136,1
$-22,Ryan Reaves,VGK,RW,7,10,17,3,78,281,25,2
$-22,Cody Eakin,WPG,C,17,20,37,5,114,79,41,14
$-22,Zach Aston-Reese,PIT,C,7,9,16,0,89,210,50,16
$-22,Cal Clutterbuck,NYI,RW,8,12,20,2,98,216,46,4
$-22,T.J. Brodie,CGY,D,8,28,36,7,112,32,100,6
$-22,Marc-Edouard Vlasic,SJ,D,5,23,28,2,133,24,144,1
$-22,Kyle Okposo,BUF,RW,15,23,38,15,160,77,31,-6
$-23,MacKenzie Weegar,FLA,D,5,13,18,2,98,138,115,1
$-23,Jordie Benn,VAN,D,4,14,18,0,93,100,140,5
$-23,Kasperi Kapanen,TOR,RW,17,19,36,2,156,98,19,8
$-23,Brock McGinn,CAR,LW,13,15,28,1,134,136,29,12
$-23,Jordan Martinook,CAR,LW,11,12,23,0,132,168,45,4
$-23,Joel Edmundson,CAR,D,3,10,13,0,112,130,123,5
$-24,Nick Bonino,NSH,C,16,18,34,4,110,28,71,19
$-24,Marcus Pettersson,PIT,D,3,20,23,5,78,90,100,16
$-24,James Neal,EDM,RW,20,19,39,10,174,48,28,-2
$-24,Rasmus Andersson,CGY,D,3,22,25,5,116,56,88,19
$-24,Jakob Chychrun,ARI,D,6,18,24,11,134,97,91,-8
$-24,Teddy Blueger,PIT,C,11,10,21,0,137,134,36,19
$-24,Patrik Nemeth,DET,D,2,10,12,0,66,111,148,12
$-24,Anthony Beauvillier,NYI,LW,20,14,34,5,146,89,33,2
$-24,Vinnie Hinostroza,ARI,C,20,21,41,10,165,51,37,-9
$-24,Zdeno Chara,BOS,D,5,13,18,3,108,100,102,11
$-24,Ondrej Palat,TB,LW,10,25,35,8,107,91,39,9
$-24,Nate Schmidt,VGK,D,7,25,32,6,102,44,91,10
$-24,Nick Bjugstad,PIT,C,15,18,33,5,170,100,20,1
$-24,Frans Nielsen,DET,C,15,23,38,8,140,71,55,-9
$-24,Anton Stralman,FLA,D,4,18,22,1,115,98,101,5
$-24,Maxime Comtois,ANH,LW,12,6,18,0,144,162,18,18
$-25,Derek Forbort,CGY,D,2,15,17,0,81,133,149,-11
$-25,Corey Perry,DAL,RW,15,25,40,10,149,62,34,-5
$-25,Anthony DeAngelo,NYR,D,10,24,34,11,139,55,79,-11
$-25,Mike Green,EDM,D,11,24,35,7,122,77,82,-13
$-25,Joel Armia,MON,RW,13,14,27,7,136,129,30,2
$-25,Adam Erne,DET,LW,12,14,26,3,121,179,31,-5
$-25,Sam Bennett,CGY,LW,15,17,32,6,129,133,33,-7
$-25,Noel Acciari,FLA,C,8,10,18,0,93,233,44,-4
$-25,Ryan Murray,CLS,D,1,34,35,1,64,36,106,17
$-25,William Carrier,VGK,LW,9,3,12,0,94,291,16,-2
$-25,Michael Frolik,BUF,LW,15,17,32,0,152,52,34,19
$-25,Jimmy Vesey,BUF,LW,19,17,36,7,157,78,39,-10
$-25,Brandon Montour,BUF,D,7,22,29,4,138,80,81,-5
$-25,Colton Sceviour,FLA,RW,9,14,23,1,152,99,67,3
$-25,Travis Zajac,NJ,C,17,27,44,10,116,65,37,-9
$-25,Jason Dickinson,DAL,C,7,19,26,0,106,116,58,11
$-25,Carl Hagelin,WAS,LW,12,19,31,1,137,99,34,8
$-25,Casey Cizikas,NYI,C,9,13,22,0,95,122,63,15
$-26,Filip Hronek,DET,D,8,29,37,10,121,110,51,-17
$-26,Jonas Brodin,MIN,D,5,16,21,2,98,55,138,2
$-26,Devon Toews,NYI,D,8,22,30,9,132,42,51,15
$-26,Nick Suzuki,MON,C,12,26,38,12,128,49,33,4
$-26,Bryan Rust,PIT,RW,14,17,31,2,116,97,41,8
$-26,Barrett Hayton,ARI,C,14,24,38,12,92,83,54,-9
$-26,Cedric Paquette,TB,C,9,5,14,0,86,217,55,0
$-26,Dylan DeMelo,WPG,D,2,21,23,2,97,108,109,-5
$-26,Kevin Fiala,MIN,LW,18,24,42,12,167,42,22,-10
$-26,Ryan Donato,MIN,C,14,26,40,13,174,35,25,-7
$-26,Josh Archibald,EDM,RW,14,12,26,0,111,175,39,-8
$-26,Kyle Turris,NSH,C,14,24,38,12,138,28,33,5
$-26,Matt Martin,NYI,LW,5,8,13,0,57,264,38,2
$-27,Alex Kerfoot,TOR,C,17,27,44,12,109,32,37,-2
$-27,Joe Thornton,SJ,C,14,33,47,16,91,30,20,4
$-27,Ryan Strome,NYR,C,17,20,37,8,137,63,30,-2
$-27,Nick Holden,VGK,D,4,13,17,0,82,138,87,7
$-27,Brandon Pirri,VGK,C,20,12,32,8,145,52,24,8
$-27,Kris Russell,EDM,D,2,11,13,1,55,74,171,2
$-27,Derick Brassard,NYI,C,16,18,34,6,157,98,20,-9
$-27,Conor Sheary,PIT,LW,20,21,41,6,158,33,31,-6
$-27,Oliver Bjorkstrand,CLS,RW,16,18,34,4,151,44,40,3
$-27,Brian Boyle,FLA,C,15,9,24,8,122,132,40,-7
$-27,Jesper Bratt,NJ,LW,13,29,42,11,114,48,29,-2
$-27,Mathieu Joseph,TB,RW,13,16,29,0,112,146,16,4
$-28,Jake Virtanen,VAN,LW,12,10,22,1,142,155,34,-6
$-28,Anthony Duclair,OTT,LW,20,22,42,8,146,41,32,-11
$-28,Jakub Vrana,WAS,RW,18,18,36,3,145,36,23,11
$-28,Zack Kassian,EDM,RW,12,15,27,1,108,171,20,-4
$-28,Sean Kuraly,BOS,C,12,13,25,0,133,122,30,5
$-28,Andrew Cogliano,DAL,LW,10,21,31,0,145,74,31,9
$-28,Lucas Wallmark,FLA,C,11,21,32,8,135,84,36,-5
$-28,Cody Glass,VGK,C,11,24,35,12,135,37,28,5
$-28,Artem Anisimov,OTT,C,19,19,38,9,142,24,38,-3
$-28,Christian Fischer,ARI,RW,13,15,28,5,139,142,21,-11
$-28,Jared McCann,PIT,C,14,17,31,2,145,63,40,3
$-28,Matt Benning,EDM,D,5,16,21,2,91,117,65,8
$-28,Jason Demers,ARI,D,7,16,23,4,97,73,79,8
$-28,Danton Heinen,ANH,C,15,23,38,6,122,44,30,4
$-28,Niklas Hjalmarsson,ARI,D,1,11,12,0,53,42,183,6
$-28,J.T. Compher,COL,C,15,17,32,8,127,40,64,-5
$-29,Dion Phaneuf,,D,3,12,15,4,114,137,92,-11
$-29,Blake Comeau,DAL,LW,9,13,22,0,110,172,36,-5
$-29,Joonas Donskoi,COL,RW,14,22,36,6,128,34,33,7
$-29,Austin Wagner,LA,LW,15,11,26,0,92,172,11,2
$-29,Travis Sanheim,PHI,D,7,21,28,3,112,41,104,-6
$-29,Trevor Lewis,LA,C,13,13,26,0,138,133,34,-8
$-29,Oskar Sundqvist,STL,C,15,14,29,4,141,99,29,-5
$-29,Brett Connolly,FLA,RW,18,17,35,3,105,69,23,8
$-29,Mark Jankowski,CGY,C,15,20,35,1,109,33,54,8
$-29,Oskar Lindblom,PHI,LW,14,17,31,2,152,65,45,-5
$-29,Calle Jarnkrok,NSH,C,14,17,31,3,118,59,25,15
$-29,Brandon Carlo,BOS,D,2,8,10,0,96,109,92,15
$-29,Miles Wood,NJ,LW,12,13,25,4,152,102,36,-5
$-29,Marcus Foligno,MIN,LW,8,12,20,1,81,175,41,0
$-29,Mark Pysyk,FLA,D,2,12,14,0,85,129,106,-3
$-29,Casey Mittelstadt,BUF,C,16,22,38,14,153,37,21,-11
$-29,Michael Grabner,ARI,RW,22,13,35,3,148,51,30,-5
$-29,Jordan Greenway,MIN,LW,15,16,31,3,143,69,47,-8
$-29,Drake Batherson,OTT,RW,11,24,35,10,81,61,76,-14
$-29,Bobby Ryan,OTT,RW,13,22,35,9,134,89,46,-24
$-29,Alexandre Texier,CLS,C,14,22,36,14,106,37,19,7
$-30,Bryan Little,WPG,C,15,24,39,9,121,51,29,-7
$-30,Andrew Copp,WPG,C,10,15,25,0,101,84,39,17
$-30,Tyson Jost,COL,C,13,17,30,8,125,51,38,3
$-30,Jamie Oleksiak,DAL,D,5,10,15,0,73,153,66,6
$-30,Ben Hutton,LA,D,5,16,21,9,121,58,107,-14
$-30,Alexander Wennberg,CLS,C,6,30,36,9,80,39,44,9
$-30,Brad Richardson,ARI,C,12,12,24,0,135,67,56,4
$-30,Ryan Hartman,MIN,RW,11,14,25,2,135,95,31,3
$-30,Adrian Kempe,LA,C,15,20,35,6,124,87,20,-9
$-30,Tyler Pitlick,PHI,C,12,9,21,0,111,122,43,2
$-30,Ilya Mikheyev,TOR,RW,11,14,25,3,121,61,49,8
$-30,Will Butcher,NJ,D,4,28,32,13,100,35,78,-10
$-31,Jack Johnson,PIT,D,3,9,12,2,69,119,105,1
$-31,Patrick Maroon,TB,LW,7,15,22,0,81,164,18,8
$-31,Ron Hainsey,OTT,D,3,11,14,0,74,92,150,-14
$-31,Danny DeKeyser,DET,D,5,12,17,0,62,77,120,3
$-31,Brett Howden,NYR,C,8,22,30,5,96,76,58,-5
$-31,Niklas Kronwall,,D,3,21,24,7,73,81,97,-9
$-31,Michael Stone,CGY,D,3,9,12,1,77,102,125,-5
$-31,Jesper Fast,NYR,RW,10,15,25,0,85,120,44,2
$-31,Matt Calvert,COL,LW,10,14,24,2,121,107,54,-9
$-31,Radim Simek,SJ,D,2,14,16,5,72,117,60,12
$-31,Troy Stecher,VAN,D,2,17,19,3,105,90,83,-2
$-31,Josh Leivo,VAN,LW,15,12,27,8,150,39,26,4
$-31,Connor Brown,OTT,RW,16,24,40,7,133,34,36,-15
$-32,Scott Laughton,PHI,C,9,15,24,0,129,127,35,-9
$-32,Jay Bouwmeester,STL,D,2,13,15,0,89,61,120,2
$-32,Dan Girardi,,D,4,9,13,0,58,101,101,8
$-32,Denis Malgin,TOR,C,15,17,32,5,116,64,35,-6
$-32,Luke Kunin,MIN,C,8,16,24,3,120,98,43,-4
$-32,Chris Tierney,OTT,C,12,30,42,8,112,33,49,-19
$-32,Marcus Johansson,BUF,LW,16,24,40,13,125,30,24,-14
$-32,Andrew Ladd,NYI,LW,10,15,25,2,109,79,38,6
$-32,Jon Merrill,VGK,D,3,13,16,0,74,74,79,18
$-32,Andrew Mangiapane,CGY,LW,14,10,24,0,100,67,28,19
$-32,Devin Shore,CLS,C,11,20,31,5,103,76,63,-17
$-32,Troy Brouwer,STL,RW,10,12,22,0,83,156,39,-7
$-32,Pavel Zacha,NJ,C,11,19,30,7,100,73,25,2
$-32,Nolan Patrick,PHI,C,14,21,35,5,115,60,22,-4
$-32,Derek Ryan,CGY,C,14,24,38,4,118,29,22,2
$-32,Justin Abdelkader,DET,LW,8,14,22,5,91,154,31,-10
$-32,Dominik Kahun,BUF,C,12,23,35,2,130,12,26,10
$-33,Jujhar Khaira,EDM,C,8,18,26,0,81,143,41,-10
$-33,Ian Cole,COL,D,2,10,12,1,60,81,113,7
$-33,Andre Burakovsky,COL,LW,14,17,31,3,113,42,31,6
$-33,Zack Smith,CHI,C,7,15,22,1,103,121,28,3
$-33,Matt Grzelcyk,BOS,D,3,16,19,4,99,51,59,16
$-33,Antoine Roussel,VAN,LW,8,17,25,1,92,86,52,0
$-33,Erik Brannstrom,OTT,D,9,12,21,0,132,96,36,0
$-33,Ilya Kovalchuk,WAS,RW,18,19,37,8,148,30,21,-14
$-33,Michael Rasmussen,DET,C,10,15,25,6,96,102,34,-5
$-33,Garnet Hathaway,WAS,RW,7,8,15,0,81,155,30,7
$-33,Erik Gudbranson,ANH,D,2,7,9,0,84,171,92,-17
$-33,Marcus Sorensen,SJ,RW,12,8,20,0,146,78,30,4
$-33,Evan Rodrigues,PIT,C,9,21,30,6,158,35,34,-8
$-34,Filip Chytil,NYR,C,13,17,30,10,159,33,21,-8
$-34,Robert Thomas,STL,C,10,27,37,9,123,14,25,-2
$-34,Greg Pateryn,MIN,D,1,6,7,0,79,119,106,-2
$-34,Drake Caggiula,CHI,LW,11,10,21,2,91,141,28,-6
$-34,Sam Steel,ANH,C,11,16,27,0,161,32,22,7
$-34,Trevor van Riemsdyk,CAR,D,3,13,16,0,104,34,102,5
$-34,Victor Rask,MIN,C,12,17,29,8,116,46,21,2
$-34,Victor Mete,MON,D,2,16,18,2,69,24,99,14
$-34,Jason Pominville,,RW,15,16,31,4,150,30,28,-7
$-35,Nick Jensen,WAS,D,2,15,17,0,92,73,89,-2
$-35,Valtteri Filppula,DET,C,13,22,35,4,99,20,44,-4
$-35,Johnny Boychuk,NYI,D,2,10,12,2,92,86,75,5
$-35,Michael Raffl,PHI,LW,10,10,20,0,86,107,40,1
$-35,Alex Chiasson,EDM,RW,14,12,26,6,92,66,25,2
$-35,Luke Glendening,DET,RW,7,8,15,0,66,116,62,2
$-35,Tobias Rieder,CGY,RW,10,12,22,3,112,71,49,-6
$-35,Carter Verhaeghe,TB,C,7,6,13,0,138,63,46,10
$-35,Zach Sanford,STL,LW,9,13,22,1,94,56,44,9
$-35,Brandon Sutter,VAN,C,12,14,26,2,122,69,39,-10
$-35,Markus Nutivaara,CLS,D,5,19,24,0,82,67,49,6
$-36,Kyle Clifford,TOR,LW,8,7,15,0,119,121,22,2
$-36,Conor Garland,ARI,RW,15,8,23,6,136,39,19,3
$-36,Mattias Janmark,DAL,C,12,17,29,2,117,23,43,-2
$-36,Riley Nash,CLS,C,6,15,21,0,85,77,50,2
$-36,Jayce Hawryluk,OTT,C,10,8,18,2,62,140,34,-5
$-37,Nic Dowd,WAS,C,7,12,19,1,73,117,39,-2
$-37,Jonas Siegenthaler,WAS,D,0,10,10,0,28,73,102,14
$-37,Pierre-Edouard Bellemare,COL,C,6,11,17,0,100,62,60,3
$-37,Barclay Goodrow,TB,LW,7,9,16,0,85,97,48,2
$-37,Sean Walker,LA,D,5,13,18,2,103,80,75,-15
$-37,Brandon Dubinsky,CLS,C,7,9,16,0,82,146,40,-11
$-37,Madison Bowey,DET,D,3,14,17,2,67,86,76,-6
$-37,Colin Wilson,COL,LW,10,16,26,7,96,49,29,-3
$-38,Brendan Perlini,DET,LW,15,10,25,6,116,60,25,-11
$-38,Nick Cousins,VGK,C,7,11,18,2,98,83,33,2
$-38,Mark Borowiecki,OTT,D,2,3,5,0,44,181,64,-6
$-38,Troy Terry,ANH,C,7,19,26,10,58,7,29,19
$-38,Dmitry Kulikov,WPG,D,2,8,10,0,55,95,93,-2
$-38,Darren Helm,DET,C,9,13,22,0,117,83,28,-7
$-38,Magnus Paajarvi,,LW,10,7,17,0,117,77,52,-9
$-38,Dominik Simon,PIT,C,8,11,19,0,101,80,23,6
$-38,Tyler Motte,VAN,C,8,3,11,0,89,134,40,-5
$-38,Ben Lovejoy,,D,2,5,7,0,75,71,100,1
$-38,Zemgus Girgensons,BUF,C,6,10,16,0,98,138,29,-11
$-38,Thomas Vanek,,LW,14,18,32,10,102,30,9,-7
$-38,Luke Schenn,TB,D,1,4,5,0,49,167,75,-10
$-38,Warren Foegele,CAR,LW,11,6,17,0,111,131,22,-14
$-38,Ryan Carpenter,CHI,C,6,12,18,0,99,122,14,-3
$-38,Melker Karlsson,SJ,C,10,8,18,0,77,72,54,-1
$-38,Zach Bogosian,TB,D,2,11,13,1,82,69,97,-11
$-39,Oscar Lindberg,,C,9,9,18,1,84,88,28,2
$-39,Tomas Nosek,VGK,LW,9,11,20,2,118,77,25,-7
$-39,Travis Dermott,TOR,D,3,13,16,0,80,79,49,3
$-39,Daniel Sprong,WAS,RW,16,10,26,5,145,43,17,-16
$-39,Carl Grundstrom,LA,LW,11,11,22,5,83,122,9,-13
$-39,Michael Del Zotto,ANH,D,3,9,12,2,57,123,59,-7
$-39,David Backes,ANH,RW,9,12,21,2,100,79,16,-1
$-39,Mason Appleton,WPG,C,6,13,19,0,81,52,22,17
$-40,Carl Gunnarsson,STL,D,2,6,8,0,54,38,95,12
$-40,Jacob Larsson,ANH,D,1,9,10,0,83,61,87,-3
$-40,Adam McQuaid,,D,2,4,6,0,37,107,83,1
$-40,Joakim Nordstrom,BOS,C,5,5,10,0,100,105,45,-6
$-40,Markus Granlund,EDM,C,13,10,23,4,126,43,17,-8
$-41,Danick Martel,FLA,C,4,8,12,0,101,67,34,8
$-41,Jason Spezza,TOR,C,8,19,27,12,113,13,25,-12
$-41,Lukas Radil,SJ,LW,9,8,17,0,91,57,18,11
$-41,Riley Sheahan,EDM,C,7,12,19,0,96,59,39,-4
$-41,Oliver Kylington,CGY,D,5,10,15,0,58,23,81,6
$-41,Jack Roslovic,WPG,RW,10,13,23,3,91,34,21,2
$-42,Tim Heed,SJ,D,4,15,19,2,70,19,51,8
$-42,Austin Czarnik,CGY,C,6,18,24,6,86,18,28,1
$-42,Johan Larsson,BUF,C,6,10,16,0,83,108,45,-18
$-42,Henrik Borgstrom,FLA,C,12,16,28,11,84,17,20,-10
$-42,John Moore,BOS,D,3,7,10,2,78,67,57,0
$-42,Anton Wedin,CHI,LW,7,17,24,6,75,40,28,-5
$-42,Scott Harrington,CLS,D,2,10,12,0,46,61,70,4
$-42,Tyler Ennis,EDM,LW,13,9,22,4,105,51,23,-14
$-42,Joakim Nygard,EDM,LW,11,6,17,4,95,25,14,11
$-43,Max Jones,ANH,LW,6,8,14,5,127,66,11,-5
$-43,Nicolas Aube-Kubel,PHI,C,5,10,15,0,91,60,26,4
$-43,Nate Thompson,PHI,C,4,8,12,0,56,100,37,0
$-43,Noah Dobson,NYI,D,4,14,18,5,0,66,49,6
$-43,Martin Necas,CAR,C,7,18,25,7,64,25,14,4
$-43,Cory Conacher,TB,LW,9,7,16,0,122,40,20,0
$-43,Libor Hajek,NYR,D,2,7,9,0,88,74,63,-8
$-43,Brendan Leipsic,WAS,LW,7,11,18,0,105,52,29,-6
$-43,Jay Beagle,VAN,C,5,11,16,0,56,72,35,2
$-43,Nathan Beaulieu,WPG,D,3,11,14,3,66,50,55,-2
$-44,Marc Staal,NYR,D,1,5,6,0,58,67,81,-2
$-44,Vladimir Sobotka,BUF,C,6,11,17,1,79,83,29,-11
$-44,David Kampf,CHI,RW,4,17,21,0,79,43,33,-4
$-44,Ivan Barbashev,STL,LW,10,9,19,0,47,70,26,-1
$-44,Denis Gurianov,DAL,RW,5,8,13,6,85,66,33,-8
$-44,Jonathan Ericsson,DET,D,3,5,8,0,54,98,56,-6
$-44,Jake McCabe,BUF,D,2,8,10,2,45,71,68,-5
$-45,Dryden Hunt,FLA,LW,5,9,14,0,83,92,14,-4
$-45,Joel Eriksson Ek,MIN,C,5,7,12,0,80,85,23,-2
$-45,Dante Fabbro,NSH,D,3,13,16,5,41,27,54,3
$-45,Connor Carrick,NJ,D,3,9,12,2,65,45,59,-3
$-45,Mirco Mueller,NJ,D,2,9,11,0,44,59,65,-1
$-45,Joel Persson,ANH,D,3,17,20,6,68,34,43,-11
$-45,Tomas Jurco,EDM,RW,9,11,20,0,72,37,16,3
$-45,Mikkel Boedker,OTT,LW,7,18,25,5,74,38,20,-13
$-45,Danil Yurtaikin,SJ,LW,8,7,15,1,81,29,18,9
$-45,Robby Fabbri,DET,LW,8,13,21,3,88,57,13,-12
$-45,Andrej Sekera,DAL,D,3,11,14,2,54,30,47,5
$-45,Loui Eriksson,VAN,RW,10,13,23,2,95,5,24,-5
$-46,Stephen Johns,DAL,D,2,5,7,0,34,106,39,2
$-46,Trevor Daley,DET,D,4,7,11,0,66,19,75,-2
$-46,Brad Hunt,MIN,D,5,10,15,10,78,18,30,-3
$-46,Ilya Lyubushkin,ARI,D,0,3,3,0,23,138,52,-7
$-46,Devante Smith-Pelly,,RW,4,5,9,0,66,91,38,-8
$-46,Rocco Grimaldi,NSH,C,6,10,16,0,82,32,24,2
$-47,Joel L'Esperance,DAL,C,6,5,11,5,83,71,17,-7
$-47,Matt Nieto,COL,LW,7,8,15,0,65,31,30,3
$-47,Ryan Graves,COL,D,3,3,6,0,33,42,66,6
$-47,Andrew MacDonald,,D,1,7,8,0,41,23,81,0
$-48,Mario Kempe,LA,LW,4,4,8,0,46,79,25,4
$-48,Braydon Coburn,TB,D,2,8,10,0,55,52,38,2
$-48,Marco Scandella,STL,D,3,7,10,1,64,41,56,-7
$-48,Brendan Lemieux,NYR,LW,7,3,10,0,41,78,18,4
$-48,Colby Cave,,C,4,6,10,0,68,84,22,-6
$-48,Rasmus Sandin,TOR,D,6,11,17,0,61,43,29,-6
$-48,Yannick Weber,NSH,D,2,5,7,0,57,58,36,4
$-48,Brett Ritchie,BOS,RW,4,3,7,2,64,95,9,-1
$-48,Kevan Miller,BOS,D,1,6,7,0,26,62,49,5
$-48,Tim Schaller,LA,C,5,7,12,0,58,64,24,-3
$-48,Valeri Nichushkin,COL,LW,4,9,13,0,56,61,27,-4
$-48,Carter Rowney,ANH,C,3,7,10,0,30,100,23,-3
$-48,Oscar Fantenberg,VAN,D,2,3,5,2,46,60,42,3
$-49,Nick Seeler,CHI,D,1,2,3,0,39,45,67,2
$-49,Alex Biega,DET,D,1,7,8,0,50,72,28,0
$-49,Josh Ho-Sang,NYI,RW,5,16,21,6,48,8,7,3
$-49,Alex True,SJ,LW,5,10,15,0,48,31,24,3
$-49,Jacob De La Rose,STL,C,4,6,10,0,46,79,27,-6
$-49,Miikka Salomaki,TOR,RW,2,5,7,0,46,83,25,-1
$-49,Markus Hannikainen,ARI,RW,5,5,10,0,60,70,17,-3
$-50,Jani Hakanpaa,ANH,D,4,7,11,1,57,45,37,-6
$-50,Jamie McGinn,,LW,6,7,13,3,59,65,10,-7
$-50,Matt Irwin,ANH,D,1,4,5,0,47,63,33,4
$-50,Mark Barberio,COL,D,0,6,6,0,61,55,61,-12
$-50,Sami Niku,WPG,D,5,8,13,3,24,28,39,0
$-50,Brendan Smith,NYR,D,2,5,7,0,42,57,35,1
$-50,Par Lindholm,BOS,C,1,7,8,0,44,39,37,4
$-51,Stefan Noesen,SJ,C,4,4,8,0,60,64,18,-2
$-51,Kevin Rooney,NJ,C,3,3,6,0,42,77,21,0
$-51,Kristian Vesalainen,WPG,LW,3,9,12,0,56,31,23,0
$-51,Christian Folin,MON,D,1,3,4,0,24,63,41,3
$-51,Jordan Weal,MON,C,5,8,13,4,51,16,15,2
$-51,Michael Dal Colle,NYI,LW,6,8,14,0,51,15,12,6
$-52,Robert Bortuzzo,STL,D,2,3,5,0,32,46,37,5
$-52,Ville Heinola,WPG,D,2,11,13,0,39,31,21,3
$-52,Chris Tanev,VAN,D,1,6,7,0,25,16,61,3
$-52,Robert Hagg,PHI,D,1,3,4,0,25,71,38,0
$-52,Dmitrij Jaskin,,RW,2,4,6,0,43,74,15,1
$-52,Matt Luff,LA,RW,9,4,13,1,52,20,21,-2
$-52,Drew Stafford,,RW,4,6,10,2,64,56,13,-8
$-52,Tom Kuhnhackl,NYI,RW,2,5,7,0,29,61,29,0
$-52,Cale Fleury,MON,D,4,3,7,1,59,39,31,-4
$-52,Dan Hamhuis,NSH,D,1,6,7,0,31,31,47,1
$-52,Mark Letestu,WPG,C,5,5,10,0,71,42,20,-8
$-52,Lias Andersson,NYR,LW,3,7,10,0,49,75,11,-8
$-52,Conor Timmins,COL,D,1,5,6,0,49,37,26,5
$-52,John Hayden,NJ,C,3,4,7,0,36,78,16,-4
$-53,Chandler Stephenson,VGK,RW,4,7,11,0,45,26,26,-1
$-53,Scott Sabourin,OTT,RW,3,4,7,0,71,39,36,-11
$-53,Dean Kukan,CLS,D,0,9,9,0,27,20,32,8
$-53,Dylan Sikura,CHI,LW,2,12,14,0,63,5,13,3
$-53,Josh Mahura,ANH,D,2,7,9,5,37,13,34,0
$-53,Filip Zadina,DET,LW,4,8,12,5,66,22,11,-6
$-53,Carsen Twarynski,PHI,LW,3,6,9,0,63,33,22,-4
$-53,Trevor Moore,LA,LW,4,11,15,0,39,25,11,0
$-53,Christoffer Ehn,DET,C,3,5,8,0,37,49,27,-4
$-53,Alexander Nylander,CHI,RW,7,11,18,3,55,5,5,-5
$-53,Sammy Blais,STL,LW,2,3,5,0,41,71,11,0
$-53,Slater Koekkoek,CHI,D,1,3,4,0,31,39,38,2
$-54,Boo Nieves,NYR,C,3,7,10,0,32,36,21,0
$-54,Gemel Smith,TB,C,5,5,10,0,51,30,12,0
$-54,Evan Bouchard,EDM,D,2,10,12,3,35,20,26,-4
$-54,Dillon Dube,CGY,C,2,10,12,0,44,23,6,5
$-54,Michael Amadio,LA,C,6,8,14,1,36,19,12,-1
$-54,Nathan Walker,STL,C,1,6,7,0,31,62,0,6
$-54,Rudolfs Balcers,OTT,LW,5,8,13,3,42,16,20,-6
$-54,Joe Morrow,,D,1,4,5,1,39,38,33,-2
$-54,Jaycob Megna,VGK,D,1,4,5,0,34,35,31,2
$-54,Ben Harpur,NSH,D,1,2,3,0,27,56,37,-3
$-54,Nicolas Deslauriers,ANH,LW,2,1,3,0,28,87,11,-2
$-54,Jonny Brodzinski,SJ,RW,3,2,5,0,50,42,12,3
$-54,Frederik Gauthier,TOR,C,2,5,7,0,28,52,18,0
$-54,Sven Baertschi,VAN,LW,7,6,13,2,39,14,12,-2
$-54,Mike Reilly,OTT,D,2,6,8,2,45,23,24,-2
$-54,Dmytro Timashov,DET,LW,5,4,9,0,57,14,11,3
$-54,Christian Jaros,OTT,D,1,3,4,1,30,52,37,-6
$-54,Brendan Guhle,ANH,D,1,6,7,0,64,32,32,-10
$-55,Micheal Haley,NYR,RW,1,4,5,0,29,72,14,-3
$-55,Taro Hirose,DET,LW,2,11,13,4,35,4,20,-2
$-55,Christian Djoos,ANH,D,2,6,8,0,28,12,25,7
$-55,Ryan Poehling,MON,C,4,4,8,4,57,18,11,-2
$-55,Jakob Forsbacka-Karlsson,BOS,C,4,8,12,2,25,16,12,2
$-55,Jakob Lilja,CLS,LW,3,7,10,2,36,16,7,5
$-55,Anthony Bitetto,WPG,D,0,3,3,0,26,59,32,-4
$-55,Mackenzie MacEachern,STL,LW,2,3,5,0,49,51,7,0
$-55,Travis Boyd,WAS,C,3,8,11,1,36,8,12,4
$-55,Juuso Riikola,PIT,D,1,2,3,1,24,49,22,2
$-55,Filip Chlapik,OTT,C,4,4,8,0,56,30,30,-13
$-56,John Gilmour,BUF,D,2,6,8,0,26,37,29,-7
$-56,Carl Dahlstrom,WPG,D,1,3,4,0,30,22,25,5
$-56,Jaret Anderson-Dolan,LA,C,2,9,11,3,27,32,13,-7
$-56,Dominik Kubalik,CHI,LW,3,6,9,1,34,22,17,-3
$-56,Gabriel Bourque,WPG,LW,1,3,4,0,17,48,23,0
$-56,Greg McKegg,NYR,C,4,4,8,0,29,32,17,-4
$-56,Kevin Connauton,COL,D,1,3,4,0,30,34,21,1
$-56,Max Lajoie,OTT,D,3,4,7,2,37,16,38,-11
$-56,Pontus Aberg,TOR,LW,4,6,10,2,41,17,5,-2
$-56,Jan Rutta,TB,D,2,5,7,2,28,12,22,1
$-56,Lean Bergmann,SJ,LW,3,4,7,0,42,24,17,-3
$-57,Valentin Zykov,VGK,RW,4,5,9,2,36,24,5,-2
$-57,Patrick Russell,EDM,RW,0,5,5,0,30,40,15,0
$-57,Brandon Manning,EDM,D,1,1,2,0,39,72,33,-18
$-57,Alex Formenton,OTT,LW,3,4,7,0,37,26,18,-4
$-57,Antti Suomela,SJ,C,3,4,7,0,50,12,12,0
$-57,Kenny Agostino,TOR,LW,2,5,7,2,26,40,4,-1
$-57,Noah Juulsen,MON,D,1,2,3,0,15,37,23,3
$-57,Saku Maenalanen,,LW,3,3,6,0,30,37,8,0
$-57,Andy Welinski,PHI,D,1,4,5,0,34,38,18,-4
$-57,Nikolay Goldobin,,RW,4,7,11,3,40,7,8,-5
$-57,Alex Petrovic,BOS,D,0,3,3,0,20,48,24,-3
$-57,Adam Gaudette,VAN,C,3,4,7,1,37,30,10,-4
$-57,Evgeny Svechnikov,DET,LW,3,5,8,0,49,17,11,-4
$-57,Sam Gagner,DET,C,3,6,9,3,41,11,5,-2
$-57,Nick Shore,WPG,C,3,6,9,0,27,16,8,2
$-57,Korbinian Holzer,NSH,D,1,2,3,0,11,40,24,1
$-58,Brian Gibbons,CAR,C,4,3,7,0,25,13,15,2
$-58,Kevin Gravel,TOR,D,0,3,3,1,25,23,29,-1
$-58,Carson Soucy,MIN,D,1,4,5,0,31,33,23,-6
$-58,Ross Johnston,NYI,LW,2,3,5,0,15,44,5,2
$-58,Max Veronneau,TOR,RW,3,7,10,3,33,15,11,-8
$-58,Christian Wolanin,OTT,D,2,5,7,2,26,7,17,0
$-58,Kailer Yamamoto,EDM,LW,2,5,7,2,31,27,16,-8
$-58,David Gustafsson,WPG,C,3,6,9,0,34,16,11,-5
$-59,Dennis Cholowski,DET,D,3,4,7,4,30,8,21,-8
$-59,Phil Di Giuseppe,NYR,LW,1,3,4,0,25,45,7,-3
$-59,Vladislav Gavrikov,CLS,D,2,2,4,0,29,11,9,6
$-59,Tyler Lewington,WAS,D,0,4,4,0,18,22,7,7
$-59,Victor Olofsson,BUF,RW,3,3,6,3,32,3,5,2
$-59,J.T. Brown,MIN,RW,1,3,4,0,21,37,9,-1
$-59,Kole Sherwood,CLS,C,0,2,2,1,13,48,5,2
$-59,Samuel Morin,PHI,D,0,0,0,0,32,43,21,-5
$-59,Kurtis Gabriel,PHI,RW,1,2,3,0,5,57,5,0
$-59,Michael Chaput,ARI,C,1,3,4,0,22,43,14,-6
$-59,Joakim Ryan,LA,D,0,4,4,0,22,16,26,-2
$-59,Connor Clifton,BOS,D,0,2,2,0,18,32,11,4
$-59,Anders Bjork,BOS,C,2,4,6,1,23,13,12,0
$-59,Taylor Fedun,DAL,D,1,2,3,1,33,7,19,1
$-59,Eric Robinson,CLS,LW,1,4,5,0,33,39,8,-7
$-59,Derek Grant,PHI,C,1,3,4,1,23,25,11,-1
$-59,Trevor Carrick,SJ,D,2,4,6,0,18,21,21,-6
$-60,Joey Anderson,NJ,RW,3,2,5,0,31,26,7,-4
$-60,Joe Hicketts,DET,D,0,2,2,0,17,23,35,-7
$-60,Andy Andreoff,PHI,C,2,2,4,0,20,34,5,-2
$-60,Kyle Capobianco,ARI,D,1,3,4,1,16,13,14,1
$-60,Philippe Myers,PHI,D,1,1,2,0,31,37,9,-5
$-60,Vladislav Kamenev,COL,C,2,5,7,0,22,22,5,-4
$-60,Chad Ruhwedel,PIT,D,1,2,3,0,22,26,14,-3
$-60,Zac Rinaldo,CGY,C,1,1,2,0,12,44,6,-1
$-60,Jesper Boqvist,NJ,C,2,0,2,0,31,11,7,4
$-60,Sheldon Dries,COL,C,1,2,3,0,21,31,10,-3
$-60,Chris Wideman,ANH,D,1,3,4,2,20,15,12,-2
$-60,Juuso Valimaki,CGY,D,1,1,2,0,16,12,25,-1
$-61,Tage Thompson,BUF,RW,2,2,4,1,41,26,4,-8
$-61,Luke Witkowski,TB,D,0,2,2,0,10,38,12,-2
$-61,Nathan Bastian,NJ,RW,2,2,4,0,15,27,1,1
$-61,Martin Marincin,TOR,D,1,3,4,0,19,14,15,-2
$-61,Gaetan Haas,EDM,C,1,3,4,0,24,9,7,2
$-61,Nate Prosser,PHI,D,0,1,1,0,9,17,23,1
$-61,Ethan Bear,EDM,D,1,4,5,1,19,14,13,-4
$-61,Joseph Blandisi,MON,C,2,2,4,2,19,25,4,-4
$-61,Eeli Tolvanen,NSH,LW,2,2,4,2,13,8,5,3
$-61,Alan Quine,CGY,C,1,3,4,1,16,20,6,-1
$-61,German Rubtsov,PHI,C,1,2,3,0,22,11,9,1
$-61,Garrett Wilson,TOR,LW,1,1,2,0,14,29,4,1
$-61,Tucker Poolman,WPG,D,1,3,4,0,15,12,13,-1
$-61,Nicolas Petan,TOR,C,1,4,5,1,32,7,7,-4
$-61,Dominic Toninato,FLA,LW,2,2,4,0,15,14,8,0
$-61,Cody Goloubef,DET,D,0,2,2,0,17,21,17,-4
$-62,Calle Rosen,TOR,D,0,5,5,1,16,5,6,1
$-62,Jean-Sebastien Dea,BUF,C,2,1,3,0,16,15,7,0
$-62,Mikhail Vorobyov,PHI,C,1,2,3,0,25,6,3,3
$-62,Blake Lizotte,LA,LW,1,1,2,0,21,11,7,2
$-62,Connor Bunnaman,PHI,C,2,1,3,0,21,9,4,2
$-62,Nick Lappin,STL,RW,1,2,3,0,26,21,6,-4
$-62,Vinni Lettieri,NYR,C,1,2,3,2,23,22,6,-6
$-62,Yegor Rykov,NYR,D,1,2,3,0,12,13,17,-3
$-62,Josh Brown,FLA,D,0,0,0,0,11,30,12,-1
$-62,Logan Stanley,WPG,D,1,1,2,0,14,16,8,1
$-62,Karson Kuhlman,BOS,C,2,2,4,0,12,5,3,4
$-62,Caleb Jones,EDM,D,1,3,4,1,13,13,12,-4
$-62,Steve Kampfer,BOS,D,1,1,2,0,14,19,14,-3
$-62,Ashton Sautner,VAN,D,0,1,1,0,14,19,12,0
$-62,Jimmy Schuldt,VGK,D,0,4,4,0,10,6,9,2
$-62,Brandon Davidson,SJ,D,0,2,2,0,11,16,16,-2
$-62,John Marino,PIT,D,2,1,3,0,16,15,7,-2
$-62,Martin Frk,LA,RW,2,2,4,1,17,16,2,-4
$-62,Jordan Kyrou,STL,RW,1,1,2,0,25,9,6,-1
$-63,Gavin Bayreuther,DAL,D,1,1,2,1,12,5,9,1
$-63,Ian McCoshen,CHI,D,1,1,2,0,8,20,9,-2
$-63,Andrew Agozzino,ANH,LW,1,1,2,0,11,14,3,2
$-63,Connor Brickley,,C,1,1,2,0,11,17,5,0
$-63,Frederick Gaudreau,NSH,C,1,1,2,0,15,8,7,1
$-63,Luke Johnson,MIN,C,0,1,1,1,19,31,9,-8
$-63,Remi Elie,BUF,LW,1,1,2,0,11,18,4,0
$-63,Kirby Dach,CHI,C,1,2,3,1,13,11,6,-2
$-63,Ryan Lindgren,NYR,D,0,2,2,0,12,15,14,-4
$-63,Trent Frederic,BOS,C,1,2,3,0,16,15,5,-3
$-63,Nicolas Roy,VGK,C,1,2,3,0,11,15,3,-1
$-63,Marc Methot,,D,0,0,0,0,6,18,10,1
$-63,Zach Trotman,PIT,D,0,1,1,1,9,9,9,1
$-63,Clark Bishop,CAR,C,1,1,2,0,8,20,3,-1
$-63,Sam Lafferty,PIT,RW,1,1,2,0,15,11,7,-2
$-63,John Quenneville,CHI,C,1,1,2,0,12,10,3,1
$-63,Jake Bean,CAR,D,1,2,3,1,9,4,3,1
$-63,Jordan Schmaltz,NYI,D,0,2,2,0,8,7,16,-3
$-63,A.J. Greer,COL,LW,0,2,2,0,9,17,4,-1
$-63,Cody McLeod,,LW,0,0,0,0,8,33,4,-3
$-63,Zachary Senyshyn,BOS,RW,2,1,3,0,13,3,2,1
$-63,Dalton Prout,SJ,D,0,1,1,0,6,15,8,0
$-63,Joseph Gambardella,EDM,C,0,2,2,0,5,10,4,2
$-63,David Schlemko,,D,0,1,1,0,9,6,12,0
$-63,Daniel Carr,NSH,LW,1,2,3,0,11,6,3,0
$-64,Tim Gettinger,NYR,LW,0,1,1,0,3,23,5,-1
$-64,Scott Wilson,BUF,LW,1,1,2,0,12,15,3,-2
$-64,Brett Seney,NJ,LW,1,2,3,0,11,11,3,-2
$-64,Mario Ferraro,SJ,D,1,1,2,0,8,11,8,-2
$-64,Michael McLeod,NJ,C,0,2,2,0,12,23,2,-4
$-64,Julius Honka,DAL,D,0,1,1,0,14,6,10,-1
$-64,Adam Johnson,PIT,C,0,2,2,0,3,11,3,2
$-64,Cameron Gaunce,TB,D,0,1,1,0,4,12,5,2
$-64,Martin Fehervary,WAS,D,0,1,1,0,8,7,6,2
$-64,Jacob Middleton,SJ,D,0,4,4,0,13,4,7,-4
$-64,Henri Jokiharju,BUF,D,0,2,2,0,10,8,6,-1
$-64,Justin Bailey,VAN,RW,1,1,2,0,8,8,4,0
$-64,Fredrik Claesson,NJ,D,0,1,1,0,6,13,6,0
$-64,Michael Bunting,ARI,LW,1,1,2,0,8,7,2,1
$-64,Tanner Fritz,NYI,LW,0,1,1,0,6,15,6,-1
$-64,Justin Holl,TOR,D,1,1,2,0,9,7,5,-1
$-64,Peter Cehlarik,BOS,C,1,1,2,0,10,3,3,1
$-64,Gustav Forsling,CAR,D,0,1,1,0,9,6,5,1
$-64,Nick Paul,OTT,LW,1,1,2,0,15,18,3,-6
$-64,Kiefer Sherwood,ANH,LW,1,1,2,0,7,7,2,0
$-64,Charles Hudon,MON,LW,1,1,2,0,9,8,2,-1
$-64,Emil Bemstrom,CLS,C,1,2,3,0,11,3,1,-1
$-64,Luca Sbisa,WPG,D,0,1,1,0,4,8,7,0
$-64,Matthew Peca,OTT,C,1,1,2,0,7,6,4,-1
$-64,Derrick Pouliot,STL,D,0,1,1,0,9,6,7,-1
$-64,Kurtis MacDermid,LA,D,0,1,1,0,4,14,4,-1
$-64,Andreas Martinsen,,LW,0,0,0,0,6,19,2,-1
$-65,Josh Currie,EDM,RW,0,1,1,0,5,9,4,0
$-65,Matt Read,TOR,RW,1,0,1,0,7,7,3,0
$-65,Brad Malone,EDM,C,0,0,0,0,6,15,2,0
$-65,Reid Boucher,VAN,RW,1,1,2,0,13,4,2,-2
$-65,Lawrence Pilut,BUF,D,0,1,1,0,9,5,8,-2
$-65,Logan Brown,OTT,C,1,1,2,1,8,4,2,-2
$-65,Sam Carrick,ANH,C,0,1,1,0,4,13,2,-1
$-65,Xavier Ouellet,MON,D,0,1,1,0,6,4,5,0
$-65,Marko Dano,CLS,C,0,1,1,0,5,9,2,0
$-65,Janne Kuokkanen,NJ,LW,1,1,2,0,11,3,2,-2
$-65,Justin Dowling,DAL,C,0,1,1,0,10,7,4,-2
$-65,C.J. Smith,BUF,LW,1,0,1,0,12,2,1,0
$-65,Sonny Milano,ANH,LW,1,1,2,0,7,3,1,-1
$-65,Erik Burgdoerfer,WAS,D,0,0,0,0,3,13,1,0
$-65,Cameron Schilling,WPG,D,0,1,1,0,2,3,5,0
$-65,Haydn Fleury,CAR,D,0,0,0,0,5,5,5,0
$-65,Tyrell Goulbourne,VGK,LW,0,1,1,0,3,10,1,-1
$-65,Adam Clendening,CLS,D,0,1,1,0,4,2,4,0
$-65,Casey Nelson,BUF,D,0,1,1,0,5,4,4,-1
$-65,Ryan Lomberg,CGY,LW,0,0,0,0,3,12,0,0
$-65,Kalle Kossila,TOR,C,1,0,1,0,7,4,3,-2
$-65,Matt Puempel,DET,LW,1,0,1,0,6,3,2,-1
$-65,Gabriel Carlsson,CLS,D,0,1,1,0,4,3,2,0
$-65,Kevin Stenlund,CLS,C,0,0,0,0,6,6,2,0
$-65,Thomas Hickey,NYI,D,0,0,0,0,4,3,5,0
$-66,Jordan Nolan,STL,RW,0,0,0,0,5,10,1,-1
$-66,Dale Weise,MON,RW,0,0,0,0,5,7,1,0
$-66,Nelson Nogier,WPG,D,0,0,0,0,4,5,3,0
$-66,Timothy Liljegren,TOR,D,0,1,1,0,3,4,3,-1
$-66,Philip Varone,PIT,C,0,0,0,0,5,4,3,0
$-66,Ben Street,NJ,C,0,1,1,0,7,6,3,-3
$-66,Nico Sturm,MIN,C,0,0,0,0,7,3,2,0
$-66,Sheldon Rempal,LA,LW,0,2,2,0,4,0,1,-1
$-66,Louis Belpedio,MIN,D,0,1,1,0,0,1,3,0
$-66,Ryan Kuffner,EDM,LW,1,0,1,0,4,2,3,-2
$-66,Daniel Brickley,LA,D,0,1,1,0,1,3,3,-1
$-66,Kyle Rau,MIN,C,0,0,0,0,4,5,1,0
$-66,Jeremy Lauzon,BOS,D,0,0,0,0,11,0,0,0
$-66,Andreas Englund,OTT,D,0,0,0,0,2,7,2,-1
$-66,Matt Donovan,NSH,D,0,1,1,0,1,0,2,0
$-66,Benjamin Gleason,DAL,D,0,1,1,0,1,1,1,0
$-66,Dominic Turgeon,DET,C,0,1,1,0,3,4,6,-4
$-66,Jack Rodewald,FLA,RW,0,0,0,0,1,4,2,0
$-66,Paul LaDue,LA,D,0,0,0,0,2,3,2,0
$-66,Matt Bartkowski,MIN,D,0,0,0,0,2,4,1,0
$-66,Logan O'Connor,COL,C,0,1,1,0,2,6,2,-3
$-66,Colin Blackwell,NSH,C,0,0,0,0,2,3,1,0
$-66,Justin Kloos,ANH,C,0,0,0,0,3,3,0,0
$-66,Guillaume Brisebois,VAN,D,0,0,0,0,5,3,7,-4
$-66,Isac Lundestrom,ANH,LW,0,0,0,0,3,1,1,0
$-66,Vitali Abramov,OTT,RW,1,0,1,0,5,2,3,-4
$-66,Matt Tennyson,NJ,D,0,0,0,0,2,3,2,-1
$-66,Blake Pietila,ANH,LW,0,0,0,0,2,4,1,-1
$-66,Kevin Roy,PIT,C,0,0,0,0,2,1,1,0
$-66,Jakub Zboril,BOS,D,0,0,0,0,1,2,0,0
$-66,Anton Blidh,BOS,LW,0,0,0,0,1,2,0,0
$-66,Josh Teves,VAN,D,0,0,0,0,0,4,1,-1
$-66,Brian Lashoff,DET,D,0,0,0,0,0,1,1,0
$-66,Brogan Rafferty,VAN,D,0,0,0,0,3,0,2,-1
$-66,Mark Friedman,PHI,D,0,0,0,0,4,3,1,-2
$-67,Cooper Marody,EDM,C,0,0,0,0,2,0,0,0
$-67,Zack MacEwen,VAN,C,0,1,1,0,2,4,1,-4
$-67,Jacob MacDonald,COL,D,0,0,0,0,0,0,0,0
$-67,Brady Keeper,FLA,D,0,0,0,0,0,0,0,0
$-67,Jacob Nilsson,CHI,C,0,0,0,0,0,0,0,0
$-67,Joel Hanley,DAL,D,0,0,0,0,0,0,0,0
$-67,Riley Stillman,FLA,D,0,0,0,0,0,0,0,0
$-67,Rem Pitlick,NSH,C,0,0,0,0,0,0,0,0
$-67,Brandon Gignac,NJ,C,0,0,0,0,0,0,0,0
$-67,Dennis Gilbert,CHI,D,0,0,0,0,0,0,0,0
$-67,Will Borgen,BUF,D,0,0,0,0,0,0,0,0
$-67,Dakota Mermis,NJ,D,0,0,0,0,0,0,0,0
$-67,Anthony Richard,NSH,C,0,0,0,0,0,0,0,0
$-67,Joshua Jacobs,NJ,D,0,0,0,0,0,0,0,0
$-67,Anton Lindholm,COL,D,0,0,0,0,0,0,0,0
$-67,Jesse Puljujarvi,EDM,RW,0,0,0,0,0,0,0,0
$-67,Chase De Leo,ANH,C,0,0,0,0,0,0,0,0
$-67,Max McCormick,CAR,LW,0,0,0,0,0,0,0,0
$-67,Laurent Dauphin,MON,C,0,0,0,0,0,0,0,0
$-67,Dillon Heatherington,DAL,D,0,0,0,0,0,0,0,0
$-67,Anthony Peluso,EDM,RW,0,0,0,0,0,0,0,0
$-67,Zac Dalpe,CLS,C,0,0,0,0,0,0,0,0
$-67,Eric Tangradi,,LW,0,0,0,0,0,0,0,0
$-67,Karl Alzner,MON,D,0,0,0,0,0,0,0,0
$-67,Matt Beleskey,NYR,LW,0,0,0,0,0,0,0,0
$-67,Erik Condra,COL,RW,0,0,0,0,0,0,0,0
$-67,Kyle Brodziak,,C,0,0,0,0,0,0,0,0
$-67,Eric Gryba,,D,0,0,0,0,0,0,0,0
$-67,Lee Stempniak,,RW,0,0,0,0,0,0,0,0
$-67,Rourke Chartier,,C,0,0,0,0,0,0,0,0
$-67,Justin Falk,,D,0,0,0,0,0,0,0,0
$-67,Chris Thorburn,,RW,0,0,0,0,0,0,0,0
$-67,Matt Hunwick,BUF,D,0,0,0,0,0,0,0,0
$-67,Justin Williams,CAR,RW,0,0,0,0,0,0,0,0
$-67,Patrick Eaves,ANH,RW,0,0,0,0,0,0,0,0
$-67,Ryan Callahan,OTT,RW,0,0,0,0,0,0,0,0
$-67,Martin Hanzal,DAL,C,0,0,0,0,0,0,0,0
$-67,Ryan Kesler,ANH,C,0,0,0,0,0,0,0,0
$-67,Jake Dotchin,STL,D,0,0,0,0,0,0,0,0
$-67,Danny O'Regan,NYR,C,0,0,0,0,0,0,0,0
$-67,Curtis Lazar,BUF,C,0,0,0,0,0,0,0,0
$-67,Steven Fogarty,NYR,C,0,0,0,0,0,0,0,0
$-67,Brendan Gaunce,BOS,C,0,0,0,0,0,0,0,0
$-67,Paul Carey,BOS,RW,0,0,0,0,0,0,0,0
$-67,Mark Alt,COL,D,0,0,0,0,0,0,0,0
$-67,Dylan McIlrath,DET,D,0,0,0,0,0,0,0,0
$-67,Colton White,NJ,D,0,0,0,0,0,1,1,-1
$-67,Urho Vaakanainen,BOS,D,0,0,0,0,2,0,0,-1
$-68,Anthony Greco,SJ,C,0,0,0,0,4,0,0,-6